trust_name,cik,issuer,asset_class,accession,filing_date,report_date,collection_period_end,distribution_date,exhibit_filename,exhibit_format,parser,pool_balance_begin,pool_balance_end,pool_factor,receivables_count_end,collections_total,collections_principal,collections_interest,gross_losses_period,recoveries_period,net_losses_period,cum_net_losses,cum_net_loss_ratio,delinq_31_60,delinq_61_90,delinq_91_plus,delinq_total_ratio,forbearance_balance,deferment_balance,claims_paid_period,reserve_account_balance,note_balance_total,servicing_fee
CarMax Auto Owner Trust 2024-1,2003263,CarMax,auto_prime,0002003263-24-000044,2024-09-16,2024-08-31,2024-08-31,2024-09-16,a2024-1ex991091624.htm,html,carmax_auto,1242740893.43,1198138325.41,0.7628915,65570.0,54276718.78,42569360.22,11707358.56,3104025.96,1071478.43,2032547.53,9195956.09,0.005874,25732147.93,12717242.96,3038060.89,0.034656,,,,3914142.67,1182481754.73,1035617.41
CarMax Auto Owner Trust 2024-1,2003263,CarMax,auto_prime,0002003263-25-000025,2025-05-15,2025-04-30,2025-04-30,2025-05-15,a2024-1ex991051525.htm,html,carmax_auto,930958689.01,895851061.26,0.5678674,52759.0,42532794.9,33994346.89,8538448.01,2097809.78,988661.43,1109148.35,21398368.79,0.013667,26032175.51,12432420.51,3011750.46,0.046298,,,,3914142.67,880194490.58,775798.91
CarMax Auto Owner Trust 2024-1,2003263,CarMax,auto_prime,0002003263-26-000005,2026-01-15,2025-12-31,2025-12-31,2026-01-15,a2024-1ex991011526.htm,html,carmax_auto,675243311.09,647591534.52,0.4077,41952.0,32622392.03,26279315.28,6343076.75,2213161.23,842156.26,1371004.97,33950957.64,0.021685,26134736.97,13139626.4,3038588.8,0.065339,,,,3914142.67,631934963.84,562702.76
CarMax Auto Owner Trust 2024-1,2003263,CarMax,auto_prime,0002003263-26-000042,2026-08-17,2026-07-31,2026-07-31,2026-08-17,a2024-1ex991081726.htm,html,carmax_auto,488411599.98,462790058.45,0.2884732,35458.0,29037403.26,24296824.17,4740579.09,2266864.8,945728.91,1321135.89,42271573.62,0.026999,20704093.35,10820272.63,2538451.98,0.07367,,,,3914142.67,447133487.77,407009.67
Ford Credit Auto Owner Trust 2024-D,2042453,Ford Credit,auto_prime,0002042453-24-000004,2024-12-18,2024-11-30,2024-11-01,2024-12-16,fcaot2024-d10xdinvestorrep.htm,html,ford_auto,1683369242.22,1637528478.66,0.9727684,41324.0,52157431.63,45633662.86,6523768.77,211.29,0.0,211.29,211.29,0.0,5435151.12,0.0,0.0,0.0033,,,,3947368.57,1532635916.2,1402807.7
Ford Credit Auto Owner Trust 2024-D,2042453,Ford Credit,auto_prime,0002042453-25-000030,2025-07-21,2025-06-30,2025-06-01,2025-07-15,fcaot2024-d10xdinvestorrep.htm,html,ford_auto,1352591625.57,1307740700.74,0.7768591,36751.0,49779146.99,44323407.35,5455739.64,534849.41,9884.36,524965.05,2422364.75,0.001439,8008559.03,1601110.06,988340.31,0.0081,,,,3947368.57,1209104545.03,1127159.69
Ford Credit Auto Owner Trust 2024-D,2042453,Ford Credit,auto_prime,0002042453-26-000008,2026-02-19,2026-01-31,2026-01-01,2026-02-17,fcaot2024-d10xdinvestorrep.htm,html,ford_auto,1045866110.61,1006720235.64,0.5980389,32026.0,43157586.58,38893036.5,4264550.08,438196.33,185357.86,252838.47,6557289.97,0.003895,10251286.4,1585661.5,1186755.7,0.0129,,,,3947368.57,917562102.3,871555.09
Ford Credit Auto Owner Trust 2024-D,2042453,Ford Credit,auto_prime,0002042453-26-000034,2026-08-24,2026-07-31,2026-07-01,2026-08-17,fcaot2024-d10xdinvestorrep.htm,html,ford_auto,810875124.54,773267806.64,0.4593572,27542.0,40415978.39,37105309.3,3310669.09,540586.91,106509.22,434077.69,9328479.75,0.005542,9222778.22,1729146.21,1031107.73,0.0155,,,,3947368.57,698403184.05,675729.27
Navient Student Loan Trust 2014-5,1613765,Navient,student_ffelp,0001140361-24-040336,2024-09-06,2024-07-31,2024-07-31,2024-08-26,ef20034592_ex99-1.htm,html,navient_ffelp,52203685.72,51096439.73,0.322359876,2253.0,1340724.58,1166634.33,208786.66,,,1913.95,701714.13,0.004494,2277222.64,1120429.65,1989841.78,0.106191,8116658.84,1965908.48,87744.67,158507.0,48514899.42,6532.94
Navient Student Loan Trust 2014-5,1613765,Navient,student_ffelp,0001140361-25-017877,2025-05-08,2025-03-31,2025-03-31,2025-04-25,ef20048153_ex99-1.htm,html,navient_ffelp,48230693.9,47762524.2,0.301326697,2076.0,610036.49,559175.22,93465.51,,,614.25,717719.71,0.004596,3114767.05,2804828.28,3070782.01,0.189012,6413033.74,2013624.88,107938.94,158507.0,45085399.66,6168.14
Navient Student Loan Trust 2014-5,1613765,Navient,student_ffelp,0001140361-26-000678,2026-01-08,2025-11-30,2025-11-30,2025-12-26,ef20061970_ex99-1.htm,html,navient_ffelp,45114713.05,44675492.37,0.28185107,1917.0,796257.11,533248.01,303873.96,,,0.0,750355.87,0.004805,2155419.85,1752401.98,4559075.83,0.190472,5266531.85,1181085.2,180178.93,158507.0,41925492.37,5804.32
Navient Student Loan Trust 2014-5,1613765,Navient,student_ffelp,0001140361-26-031595,2026-08-06,2026-06-30,2026-06-30,2026-07-27,ef20078669_ex99-1.htm,html,navient_ffelp,42318388.06,42138553.52,0.265845898,1791.0,315485.9,285594.21,74308.0,,,0.0,780131.01,0.004996,1645549.59,798916.22,2577936.26,0.119747,4147099.62,1471781.22,27512.7,158507.0,39421738.22,5455.45
Navient Student Loan Trust 2015-3,1641623,Navient,student_ffelp,0001140361-24-040342,2024-09-06,2024-07-31,2024-07-31,2024-08-26,ef20034598_ex99-1.htm,html,navient_ffelp,239321462.68,234213530.25,0.311191157,23878.0,6422152.99,5589693.5,901797.59,,,20224.47,3807944.04,0.005162,10004604.04,6127576.51,15162284.76,0.134945,44556525.45,10560846.17,1145265.5,752636.0,230700327.3,49773.09
Navient Student Loan Trust 2015-3,1641623,Navient,student_ffelp,0001140361-25-017883,2025-05-08,2025-03-31,2025-03-31,2025-04-25,ef20048166_ex99-1.htm,html,navient_ffelp,222364504.01,221286500.29,0.294015474,21796.0,1997234.44,1770197.32,353444.74,,,14530.23,3934524.48,0.005334,12572413.8,11052418.57,22427815.69,0.209959,37083134.11,9247437.19,952829.73,752636.0,218060327.2,44530.28
Navient Student Loan Trust 2015-3,1641623,Navient,student_ffelp,0001140361-26-000684,2026-01-08,2025-11-30,2025-11-30,2025-12-26,ef20061982_ex99-1.htm,html,navient_ffelp,212319925.17,210876089.9,0.280183533,19908.0,2834253.8,2055674.54,907631.93,,,30682.73,4087259.88,0.005541,8101799.24,7523925.81,21137266.89,0.176041,32638314.57,9682924.99,1164450.01,752636.0,207712948.55,39831.1
Navient Student Loan Trust 2015-3,1641623,Navient,student_ffelp,0001140361-26-031601,2026-08-06,2026-06-30,2026-06-30,2026-07-27,ef20078676_ex99-1.htm,html,navient_ffelp,196524922.05,194652490.48,0.258627815,17897.0,2620951.72,2424936.12,360306.93,,,35426.11,4346189.14,0.005892,7143903.61,4520219.33,14871135.56,0.137757,33213588.74,7388061.15,1540839.24,752636.0,191735528.7,37717.68
Santander Drive Auto Receivables Trust 2024-1,2004812,Santander Consumer,auto_subprime,0000950131-24-003702,2024-09-16,2024-08-31,2024-08-31,2024-09-16,d867964dex991.htm,html,santander_drive,1320880475.44,1272639544.69,0.790634,59899.0,59670418.55,35241534.04,20038456.9,12972603.96,4261317.26,8692935.67,33466284.32,0.0208,108255013.94,47299194.25,17369503.78,0.1359,,,,16096435.28,1050343189.76,3302201.19
Santander Drive Auto Receivables Trust 2024-1,2004812,Santander Consumer,auto_subprime,0000950131-25-002048,2025-05-15,2025-04-30,2025-04-30,2025-05-15,d942632dex991.htm,html,santander_drive,967940092.13,929727217.74,0.577598,46029.0,48063502.55,28660277.73,13811157.4,9561122.45,5495923.86,4056672.8,88636069.97,0.0550999999999999,100787783.69,39156399.13,14708238.48,0.1663,,,,16096435.28,756215810.08,2419850.23
Santander Drive Auto Receivables Trust 2024-1,2004812,Santander Consumer,auto_subprime,0001193125-26-013270,2026-01-15,2025-12-31,2025-12-31,2026-01-15,d57557dex991.htm,html,santander_drive,691761157.35,663076888.61,0.41194,33115.0,33450131.0,20060203.72,9901621.52,8552739.17,3431902.71,5161754.82,131275296.04,0.0816,90061654.35,44432338.28,15890226.04,0.2268,,,,16096435.28,530096330.98,1729402.89
Santander Drive Auto Receivables Trust 2024-1,2004812,Santander Consumer,auto_subprime,0001193125-26-352807,2026-08-17,2026-07-31,2026-07-31,2026-08-17,d185805dex991.htm,html,santander_drive,508299929.64,485531735.83,0.301639,25963.0,28053874.55,16608372.03,7564544.25,6078672.5,3793591.59,2302461.66,154503848.99,0.096,69396714.7,33798560.79,10293461.32,0.2337,,,,16096435.28,379538041.42,1270749.82
